booking_date,mask_customer_id,customer_name,customer_gender,operator_name,device,home_province_name,home_kabupaten_name,home_kecamatan_name,type,total_order,total_payment,customer_age,age_group
09/09/19,C340--,TEMP,Male,KARTU_HALO,"Apple, iPhone X",AAA,AAA,BEJI,GoPay-TopUp,1000,1000,1,1
10/09/19,C340--,TEMP,Female,XPLOR,"samsung,SM-G7102",AAA,AAA,GIRI,GoRide,1000,1000,1,1
11/09/19,C340--,TEMP,Male,XL,"Apple, iPhone SE",AAA,AAA,KOJA,GoFood-Beverage,1000,1000,1,1
12/09/19,C340--,TEMP,Female,SIMPATI,"Xiaomi,Redmi 8",AAA,AAA,KUTA,GoFood-Snack,1000,1000,1,1
13/09/19,C340--,TEMP,Male,IM3,"vivo,vivo 1819",AAA,AAA,LIMO,GoFood-Sweet,1000,1000,1,1
14/09/19,C340--,TEMP,Female,MENTARI,"xiaomi,Redmi 5 Plus",AAA,AAA,SAIL,GoCar,1000,1000,1,1
15/09/19,C340--,TEMP,Male,MATRIX,"asus,ASUS_X00TD",AAA,AAA,SETU,GoFood-Coffee,1000,1000,1,1
16/09/19,C340--,TEMP,Female,AXIS,"samsung,SM-J700F",AAA,AAA,UBUD,GoFood-FastFood,1000,1000,1,1
17/09/19,C340--,TEMP,Male,TRI,"OnePlus,ONEPLUS A6010",AAA,AAA,WARU,GoSend,1000,1000,1,1
18/09/19,C340--,TEMP,Female,KARTU_AS,"Apple, iPhone 6",AAA,AAA,ANDIR,GoPay-TopUp,1000,1000,1,1
19/09/19,C340--,TEMP,Male,CDMA,"xiaomi,Redmi Note 5",AAA,AAA,BAROS,GoRide,1000,1000,1,1
20/09/19,C340--,TEMP,Female,KARTU_HALO,"samsung,SM-C710F",AAA,AAA,BENDA,GoFood-Beverage,1000,1000,1,1
21/09/19,C340--,TEMP,Male,XPLOR,"samsung,SM-A750GN",AAA,AAA,CURUG,GoFood-Snack,1000,1000,1,1
22/09/19,C340--,TEMP,Female,XL,"Apple, iPhone 7 Plus",AAA,AAA,DEPOK,GoFood-Sweet,1000,1000,1,1
23/09/19,C340--,TEMP,Male,SIMPATI,"xiaomi,Mi A1",AAA,AAA,MLATI,GoCar,1000,1000,1,1
24/09/19,C340--,TEMP,Female,IM3,"OPPO,CPH1609",AAA,AAA,REGOL,GoFood-Coffee,1000,1000,1,1
25/09/19,C340--,TEMP,Male,MENTARI,"Apple, iPhone 7",AAA,AAA,SENEN,GoFood-FastFood,1000,1000,1,1
26/09/19,C340--,TEMP,Female,MATRIX,"samsung,SM-G973F",AAA,AAA,SEWON,GoSend,1000,1000,1,1
27/09/19,C340--,TEMP,Male,AXIS,"Realme,RMX1821",AAA,AAA,TAMAN,GoPay-TopUp,1000,1000,1,1
28/09/19,C340--,TEMP,Female,TRI,"samsung,SM-A505F",AAA,AAA,TEBET,GoRide,1000,1000,1,1
29/09/19,C340--,TEMP,Male,KARTU_AS,"samsung,SM-G965F",AAA,AAA,BERBAH,GoFood-Beverage,1000,1000,1,1
30/09/19,C340--,TEMP,Female,CDMA,"Apple, iPhone 11",AAA,AAA,CAKUNG,GoFood-Snack,1000,1000,1,1
01/10/19,C340--,TEMP,Male,KARTU_HALO,"Apple, iPhone XS",AAA,AAA,CIBIRU,GoFood-Sweet,1000,1000,1,1
02/10/19,C340--,TEMP,Female,XPLOR,"samsung,SM-G975F",AAA,AAA,CIKOLE,GoCar,1000,1000,1,1
03/10/19,C340--,TEMP,Male,XL,"Apple, iPhone 11 Pro",AAA,AAA,CIOMAS,GoFood-Coffee,1000,1000,1,1
04/10/19,C340--,TEMP,Female,SIMPATI,"Apple, iPhone 6s",AAA,AAA,CISAAT,GoFood-FastFood,1000,1000,1,1
05/10/19,C340--,TEMP,Male,IM3,"Realme,RMX1941",AAA,AAA,CISAUK,GoSend,1000,1000,1,1
06/10/19,C340--,TEMP,Female,MENTARI,"samsung,SM-A920F",AAA,AAA,GAMBIR,GoPay-TopUp,1000,1000,1,1
07/10/19,C340--,TEMP,Male,MATRIX,"Apple, iPhone11,6",AAA,AAA,GUBENG,GoRide,1000,1000,1,1
08/10/19,C340--,TEMP,Female,AXIS,"OPPO,CPH1911",AAA,AAA,JEBRES,GoFood-Beverage,1000,1000,1,1
09/10/19,C340--,TEMP,Male,TRI,"samsung,SM-A205F",AAA,AAA,KEMANG,GoFood-Snack,1000,1000,1,1
10/10/19,C340--,TEMP,Female,KARTU_AS,"Apple, iPhone 8 Plus",AAA,AAA,MARISO,GoFood-Sweet,1000,1000,1,1
11/10/19,C340--,TEMP,Male,CDMA,"samsung,SM-A705F",AAA,AAA,MENGWI,GoCar,1000,1000,1,1
12/10/19,C340--,TEMP,Female,KARTU_HALO,"Xiaomi,MI 9",AAA,AAA,PARUNG,GoFood-Coffee,1000,1000,1,1
13/10/19,C340--,TEMP,Male,XPLOR,"HUAWEI,LIO-L29",AAA,AAA,PERIUK,GoFood-FastFood,1000,1000,1,1
14/10/19,C340--,TEMP,Female,XL,"docomo,SO-03G",AAA,AAA,PINANG,GoSend,1000,1000,1,1
15/10/19,C340--,TEMP,Male,SIMPATI,"samsung,SM-G955F",AAA,AAA,RUMBAI,GoPay-TopUp,1000,1000,1,1
16/10/19,C340--,TEMP,Female,IM3,"Apple, iPhone 6s Plus",AAA,AAA,SERANG,GoRide,1000,1000,1,1
17/10/19,C340--,TEMP,Male,MENTARI,"vivo,vivo 1727",AAA,AAA,WIYUNG,GoFood-Beverage,1000,1000,1,1
18/10/19,C340--,TEMP,Female,MATRIX,"samsung,SM-A507FN",AAA,AAA,BABELAN,GoFood-Snack,1000,1000,1,1
19/10/19,C340--,TEMP,Male,AXIS,"samsung,SM-N970F",AAA,AAA,CICADAS,GoFood-Sweet,1000,1000,1,1
20/10/19,C340--,TEMP,Female,TRI,"samsung,SM-G950F",AAA,AAA,CICENDO,GoCar,1000,1000,1,1
21/10/19,C340--,TEMP,Male,KARTU_AS,"Apple, iPhone 11 Pro Max",AAA,AAA,CIDADAP,GoFood-Coffee,1000,1000,1,1
22/10/19,C340--,TEMP,Female,CDMA,"samsung,SM-A515F",AAA,AAA,CILEDUG,GoFood-FastFood,1000,1000,1,1
23/10/19,C340--,TEMP,Male,KARTU_HALO,"motorola,XT1650",AAA,AAA,CIPUTAT,GoSend,1000,1000,1,1
24/10/19,C340--,TEMP,Female,XPLOR,"OPPO,A1601",AAA,AAA,CIRACAS,GoPay-TopUp,1000,1000,1,1
25/10/19,C340--,TEMP,Male,XL,"google,Pixel 3 XL",AAA,AAA,CISARUA,GoRide,1000,1000,1,1
26/10/19,C340--,TEMP,Female,SIMPATI,"xiaomi,Redmi 6A",AAA,AAA,COBLONG,GoFood-Beverage,1000,1000,1,1
27/10/19,C340--,TEMP,Male,IM3,"OPPO,CPH2025",AAA,AAA,GAMPING,GoFood-Snack,1000,1000,1,1
28/10/19,C340--,TEMP,Female,MENTARI,"samsung,SM-G988B",AAA,AAA,GENTENG,GoFood-Sweet,1000,1000,1,1
29/10/19,C340--,TEMP,Male,MATRIX,"samsung,SM-N950F",AAA,AAA,JATINOM,GoCar,1000,1000,1,1
30/10/19,C340--,TEMP,Female,AXIS,"Xiaomi,MI 6",AAA,AAA,JOMBANG,GoFood-Coffee,1000,1000,1,1
31/10/19,C340--,TEMP,Male,TRI,"samsung,SM-J530Y",AAA,AAA,KASIHAN,GoFood-FastFood,1000,1000,1,1
01/11/19,C340--,TEMP,Female,KARTU_AS,"Apple, iPhone 6 Plus",AAA,AAA,KEDATON,GoSend,1000,1000,1,1
02/11/19,C340--,TEMP,Male,CDMA,"samsung,SM-G970F",AAA,AAA,LEMBANG,GoPay-TopUp,1000,1000,1,1
03/11/19,C340--,TEMP,Female,KARTU_HALO,"Apple, iPhone XR",AAA,AAA,MAKASAR,GoRide,1000,1000,1,1
04/11/19,C340--,TEMP,Male,XPLOR,"OPPO,CPH1819",AAA,AAA,MENTENG,GoFood-Beverage,1000,1000,1,1
05/11/19,C340--,TEMP,Female,XL,"samsung,SM-A910F",AAA,AAA,NGAGLIK,GoFood-Snack,1000,1000,1,1
06/11/19,C340--,TEMP,Male,SIMPATI,"samsung,SM-J730G",AAA,AAA,PALARAN,GoFood-Sweet,1000,1000,1,1
07/11/19,C340--,TEMP,Female,IM3,"samsung,SM-G960F",AAA,AAA,RUNGKUT,GoCar,1000,1000,1,1
08/11/19,C340--,TEMP,Male,MENTARI,"Nokia,Nokia 6.1 Plus",AAA,AAA,SEPATAN,GoFood-Coffee,1000,1000,1,1
09/11/19,C340--,TEMP,Female,MATRIX,"OPPO,CPH1933",AAA,AAA,SERPONG,GoFood-FastFood,1000,1000,1,1
10/11/19,C340--,TEMP,Male,AXIS,"realme,RMX2001",AAA,AAA,SINDANG,GoSend,1000,1000,1,1
11/11/19,C340--,TEMP,Female,TRI,"Apple, iPhone 8",AAA,AAA,TAMBORA,GoPay-TopUp,1000,1000,1,1
12/11/19,C340--,TEMP,Male,KARTU_AS,"xiaomi,XiaoMi A2",AAA,AAA,BLIMBING,GoRide,1000,1000,1,1
13/11/19,C340--,TEMP,Female,CDMA,"samsung,SM-G985F",AAA,AAA,CIBINONG,GoFood-Beverage,1000,1000,1,1
14/11/19,C340--,TEMP,Male,KARTU_HALO,"xiaomi,Redmi Note 7",AAA,AAA,CIBITUNG,GoFood-Snack,1000,1000,1,1
15/11/19,C340--,TEMP,Female,XPLOR,"samsung,SM-J610F",AAA,AAA,CILANDAK,GoFood-Sweet,1000,1000,1,1
16/11/19,C340--,TEMP,Male,XL,"samsung,SM-A530F",AAA,AAA,CILEUNYI,GoCar,1000,1000,1,1
17/11/19,C340--,TEMP,Female,SIMPATI,"Nokia,Nokia 3.1 Plus",AAA,AAA,CIPAYUNG,GoFood-Coffee,1000,1000,1,1
18/11/19,C340--,TEMP,Male,IM3,"Xiaomi,Redmi Note 3",AAA,AAA,CIPONDOH,GoFood-FastFood,1000,1000,1,1
19/11/19,C340--,TEMP,Female,MENTARI,"HUAWEI,INE-LX2",AAA,AAA,COLOMADU,GoSend,1000,1000,1,1
20/11/19,C340--,TEMP,Male,MATRIX,"samsung,SM-G935F",AAA,AAA,GAYUNGAN,GoPay-TopUp,1000,1000,1,1
21/11/19,C340--,TEMP,Female,AXIS,"samsung,SM-N975F",AAA,AAA,GEDANGAN,GoRide,1000,1000,1,1
22/11/19,C340--,TEMP,Male,TRI,"Xiaomi,Redmi 4X",AAA,AAA,KARAWACI,GoFood-Beverage,1000,1000,1,1
23/11/19,C340--,TEMP,Female,KARTU_AS,"vivo,vivo 1918",AAA,AAA,KEJAKSAN,GoFood-Snack,1000,1000,1,1
24/11/19,C340--,TEMP,Male,CDMA,"samsung,SM-M307F",AAA,AAA,KENJERAN,GoFood-Sweet,1000,1000,1,1
25/11/19,C340--,TEMP,Female,KARTU_HALO,"samsung,SM-J415F",AAA,AAA,KUNINGAN,GoCar,1000,1000,1,1
26/11/19,C340--,TEMP,Male,XPLOR,"samsung,SM-N960F",AAA,AAA,LABU API,GoFood-Coffee,1000,1000,1,1
27/11/19,C340--,TEMP,Female,XL,"HUAWEI,VOG-L29",AAA,AAA,LARANGAN,GoFood-FastFood,1000,1000,1,1
28/11/19,C340--,TEMP,Male,SIMPATI,"HUAWEI,MAR-LX2",AAA,AAA,LENGKONG,GoSend,1000,1000,1,1
29/11/19,C340--,TEMP,Female,IM3,"OPPO,CPH1729",AAA,AAA,MAKASSAR,GoPay-TopUp,1000,1000,1,1
30/11/19,C340--,TEMP,Male,MENTARI,"OPPO,CPH1989",AAA,AAA,MANGGALA,GoRide,1000,1000,1,1
01/12/19,C340--,TEMP,Female,MATRIX,"vivo,vivo 1902",AAA,AAA,MATRAMAN,GoFood-Beverage,1000,1000,1,1
02/12/19,C340--,TEMP,Male,AXIS,"Xiaomi,Mi 9T",AAA,AAA,NGAMPRAH,GoFood-Snack,1000,1000,1,1
03/12/19,C340--,TEMP,Female,TRI,"lge,LM-G710",AAA,AAA,NGEMPLAK,GoFood-Sweet,1000,1000,1,1
04/12/19,C340--,TEMP,Male,KARTU_AS,"samsung,SM-N960N",AAA,AAA,NUSANIWE,GoCar,1000,1000,1,1
05/12/19,C340--,TEMP,Female,CDMA,"xiaomi,Redmi 6",AAA,AAA,PAJANGAN,GoFood-Coffee,1000,1000,1,1
06/12/19,C340--,TEMP,Male,KARTU_HALO,"Xiaomi,MI 5s",AAA,AAA,PALMERAH,GoFood-FastFood,1000,1000,1,1
07/12/19,C340--,TEMP,Female,XPLOR,"Xiaomi,POCOPHONE F1",AAA,AAA,PAMULANG,GoSend,1000,1000,1,1
08/12/19,C340--,TEMP,Male,XL,"samsung,SM-N910H",AAA,AAA,PANCORAN,GoPay-TopUp,1000,1000,1,1
09/12/19,C340--,TEMP,Female,SIMPATI,"samsung,SM-A715F",AAA,AAA,PATUMBAK,GoRide,1000,1000,1,1
10/12/19,C340--,TEMP,Male,IM3,"Xiaomi,MI 8 Lite",AAA,AAA,SAWANGAN,GoFood-Beverage,1000,1000,1,1
11/12/19,C340--,TEMP,Female,MENTARI,"Redmi,Redmi Note 8 Pro",AAA,AAA,SEKUPANG,GoFood-Snack,1000,1000,1,1
12/12/19,C340--,TEMP,Male,MATRIX,"asus,ASUS_X018D",AAA,AAA,SUKABUMI,GoFood-Sweet,1000,1000,1,1
13/12/19,C340--,TEMP,Female,AXIS,"asus,ASUS_Z012DB",AAA,AAA,SUKAJADI,GoCar,1000,1000,1,1
14/12/19,C340--,TEMP,Male,TRI,"HUAWEI,CLT-L29",AAA,AAA,SUKARAJA,GoFood-Coffee,1000,1000,1,1
15/12/19,C340--,TEMP,Female,KARTU_AS,"realme,RMX1931",AAA,AAA,SUKARAMI,GoFood-FastFood,1000,1000,1,1
16/12/19,C340--,TEMP,Male,CDMA,"xiaomi,Mi A2 Lite",AAA,AAA,SUKAWATI,GoSend,1000,1000,1,1
17/12/19,C340--,TEMP,Female,KARTU_HALO,"Apple, iPhone XS Max",AAA,AAA,SUKOLILO,GoPay-TopUp,1000,1000,1,1
18/12/19,C340--,TEMP,Male,XPLOR,"vivo,vivo 1802",AAA,AAA,TAKTAKAN,GoRide,1000,1000,1,1
19/12/19,C340--,TEMP,Female,XL,"samsung,SM-A805F",AAA,AAA,WONOCOLO,GoFood-Beverage,1000,1000,1,1
20/12/19,C340--,TEMP,Male,SIMPATI,"samsung,SM-G980F",AAA,AAA,ARCAMANIK,GoFood-Snack,1000,1000,1,1
21/12/19,C340--,TEMP,Female,IM3,"samsung,SM-F700F",AAA,AAA,ARGOMULYO,GoFood-Sweet,1000,1000,1,1
22/12/19,C340--,TEMP,Male,MENTARI,"xiaomi,Mi A2",AAA,AAA,BALEENDAH,GoCar,1000,1000,1,1
23/12/19,C340--,TEMP,Female,MATRIX,"HUAWEI,ELE-L29",AAA,AAA,BATUCEPER,GoFood-Coffee,1000,1000,1,1
24/12/19,C340--,TEMP,Male,AXIS,"asus,ASUS_X00ID",AAA,AAA,CANDISARI,GoFood-FastFood,1000,1000,1,1
25/12/19,C340--,TEMP,Female,TRI,"samsung,SM-G885F",AAA,AAA,CILINCING,GoSend,1000,1000,1,1
26/12/19,C340--,TEMP,Male,KARTU_AS,"OPPO,CPH1937",AAA,AAA,CIMANGGIS,GoPay-TopUp,1000,1000,1,1
27/12/19,C340--,TEMP,Female,CDMA,"vivo,vivo 1907",AAA,AAA,CIMEUNYAN,GoRide,1000,1000,1,1
28/12/19,C340--,TEMP,Male,KARTU_HALO,"vivo,vivo 1818",AAA,AAA,CITEUREUP,GoFood-Beverage,1000,1000,1,1
29/12/19,C340--,TEMP,Female,XPLOR,SM-T825Y,AAA,AAA,GAYAMSARI,GoFood-Snack,1000,1000,1,1
30/12/19,C340--,TEMP,Male,XL,"vivo,vivo 1910",AAA,AAA,INDRAMAYU,GoFood-Sweet,1000,1000,1,1
31/12/19,C340--,TEMP,Female,SIMPATI,"samsung,SM-G930F",AAA,AAA,JAGAKARSA,GoCar,1000,1000,1,1
01/01/20,C340--,TEMP,Male,IM3,"Apple, iPhone12,5",AAA,AAA,JAMBANGAN,GoFood-Coffee,1000,1000,1,1
02/01/20,C340--,TEMP,Female,MENTARI,"samsung,SM-J500G",AAA,AAA,JATI ASIH,GoFood-FastFood,1000,1000,1,1
03/01/20,C340--,TEMP,Male,MATRIX,"google,Pixel 2",AAA,AAA,KEMAYORAN,GoSend,1000,1000,1,1
04/01/20,C340--,TEMP,Female,AXIS,"HUAWEI,RNE-L22",AAA,AAA,KEMBANGAN,GoPay-TopUp,1000,1000,1,1
05/01/20,C340--,TEMP,Male,TRI,"OPPO,CPH1823",AAA,AAA,LOWOKWARU,GoRide,1000,1000,1,1
06/01/20,C340--,TEMP,Female,KARTU_AS,"Apple, iPhone 5s",AAA,AAA,MARGAASIH,GoFood-Beverage,1000,1000,1,1
07/01/20,C340--,TEMP,Male,CDMA,"OPPO,CPH1801",AAA,AAA,MULYOREJO,GoFood-Snack,1000,1000,1,1
08/01/20,C340--,TEMP,Female,KARTU_HALO,"asus,ASUS_Z01RD",AAA,AAA,PASAWAHAN,GoFood-Sweet,1000,1000,1,1
09/01/20,C340--,TEMP,Male,XPLOR,"xiaomi,Redmi Note 8",AAA,AAA,PURWOREJO,GoCar,1000,1000,1,1
10/01/20,C340--,TEMP,Female,XL,"OPPO,CPH1723",AAA,AAA,RANCASARI,GoFood-Coffee,1000,1000,1,1
11/01/20,C340--,TEMP,Male,SIMPATI,"Xiaomi,Redmi 3",AAA,AAA,TANGERANG,GoFood-FastFood,1000,1000,1,1
12/01/20,C340--,TEMP,Female,IM3,"xiaomi,Redmi Note 6 Pro",AAA,AAA,TEMBALANG,GoSend,1000,1000,1,1
13/01/20,C340--,TEMP,Male,MENTARI,"vivo,vivo 1804",AAA,AAA,WONOKROMO,GoPay-TopUp,1000,1000,1,1
14/01/20,C340--,TEMP,Female,MATRIX,"samsung,SM-N770F",AAA,AAA,BANJARSARI,GoRide,1000,1000,1,1
15/01/20,C340--,TEMP,Male,AXIS,"OPPO,CPH1803",AAA,AAA,BANYUMANIK,GoFood-Beverage,1000,1000,1,1
16/01/20,C340--,TEMP,Female,TRI,"samsung,SM-G610F",AAA,AAA,BATU AMPAR,GoFood-Snack,1000,1000,1,1
17/01/20,C340--,TEMP,Male,KARTU_AS,"xiaomi,Redmi Note 4",AAA,AAA,CENGKARENG,GoFood-Sweet,1000,1000,1,1
18/01/20,C340--,TEMP,Female,CDMA,"samsung,SM-J600G",AAA,AAA,JATINEGARA,GoCar,1000,1000,1,1
19/01/20,C340--,TEMP,Male,KARTU_HALO,"OPPO,X9009",AAA,AAA,JOHAR BARU,GoFood-Coffee,1000,1000,1,1
20/01/20,C340--,TEMP,Female,XPLOR,"samsung,SM-N9208",AAA,AAA,KALI DERES,GoFood-FastFood,1000,1000,1,1
21/01/20,C340--,TEMP,Male,XL,"Xiaomi,Mi MIX 2",AAA,AAA,KUTA UTARA,GoSend,1000,1000,1,1
22/01/20,C340--,TEMP,Female,SIMPATI,"lge,LG-H845",AAA,AAA,MARGACINTA,GoPay-TopUp,1000,1000,1,1
23/01/20,C340--,TEMP,Male,IM3,"OPPO,CPH2015",AAA,AAA,MEDAN AREA,GoRide,1000,1000,1,1
24/01/20,C340--,TEMP,Female,MENTARI,"google,Pixel 3a",AAA,AAA,MONCONGLOE,GoFood-Beverage,1000,1000,1,1
25/01/20,C340--,TEMP,Male,MATRIX,"OnePlus,ONEPLUS A6000",AAA,AAA,PADEMANGAN,GoFood-Snack,1000,1000,1,1
26/01/20,C340--,TEMP,Female,AXIS,"samsung,SM-N915F",AAA,AAA,PAGEDANGAN,GoFood-Sweet,1000,1000,1,1
27/01/20,C340--,TEMP,Male,TRI,"realme,RMX1911",AAA,AAA,PALU TIMUR,GoCar,1000,1000,1,1
28/01/20,C340--,TEMP,Female,KARTU_AS,"samsung,SM-M315F",AAA,AAA,PARONGPONG,GoFood-Coffee,1000,1000,1,1
29/01/20,C340--,TEMP,Male,CDMA,"OPPO,CPH1969",AAA,AAA,PASAR REBO,GoFood-FastFood,1000,1000,1,1
30/01/20,C340--,TEMP,Female,KARTU_HALO,"samsung,SM-A600G",AAA,AAA,PEDURUNGAN,GoSend,1000,1000,1,1
31/01/20,C340--,TEMP,Male,XPLOR,"OPPO,CPH1931",AAA,AAA,RAWA LUMBU,GoPay-TopUp,1000,1000,1,1
01/02/20,C340--,TEMP,Female,XL,"Xiaomi,Redmi 4A",AAA,AAA,SETIA BUDI,GoRide,1000,1000,1,1
02/02/20,C340--,TEMP,Male,SIMPATI,"KDDI,SOV33",AAA,AAA,SUKMA JAYA,GoFood-Beverage,1000,1000,1,1
03/02/20,C340--,TEMP,Female,IM3,"Xiaomi,HM NOTE 1LTE",AAA,AAA,TAMAN SARI,GoFood-Snack,1000,1000,1,1
04/02/20,C340--,TEMP,Male,MENTARI,"vivo,vivo 1806",AAA,AAA,TARUMAJAYA,GoFood-Sweet,1000,1000,1,1
05/02/20,C340--,TEMP,Female,MATRIX,"asus,ASUS_Z017DB",AAA,AAA,TEGAL SARI,GoCar,1000,1000,1,1
06/02/20,C340--,TEMP,Male,AXIS,"asus,ASUS_X00HD",AAA,AAA,BANJAR BARU,GoFood-Coffee,1000,1000,1,1
07/02/20,C340--,TEMP,Female,TRI,"OnePlus,ONE E1003",AAA,AAA,BATUNUNGGAL,GoFood-FastFood,1000,1000,1,1
08/02/20,C340--,TEMP,Male,KARTU_AS,"OnePlus,ONE A2003",AAA,AAA,BOGOR BARAT,GoSend,1000,1000,1,1
09/02/20,C340--,TEMP,Female,CDMA,"Xiaomi,Mi Note 3",AAA,AAA,BOGOR TIMUR,GoPay-TopUp,1000,1000,1,1
10/02/20,C340--,TEMP,Male,KARTU_HALO,"OnePlus,GM1910",AAA,AAA,BOGOR UTARA,GoRide,1000,1000,1,1
11/02/20,C340--,TEMP,Female,XPLOR,"Redmi,M2003J15SC",AAA,AAA,BOJONG GEDE,GoFood-Beverage,1000,1000,1,1
12/02/20,C340--,TEMP,Male,XL,"realme,RMX1921",AAA,AAA,DUKUH PAKIS,GoFood-Snack,1000,1000,1,1
13/02/20,C340--,TEMP,Female,SIMPATI,"asus,ASUS_X008DA",AAA,AAA,DUREN SAWIT,GoFood-Sweet,1000,1000,1,1
14/02/20,C340--,TEMP,Male,IM3,"samsung,SM-J250F",AAA,AAA,KARANGANYAR,GoCar,1000,1000,1,1
15/02/20,C340--,TEMP,Female,MENTARI,"samsung,SM-A305F",AAA,AAA,KEBON JERUK,GoFood-Coffee,1000,1000,1,1
16/02/20,C340--,TEMP,Male,MATRIX,"lge,LG-F800S",AAA,AAA,KOTA KEDIRI,GoFood-FastFood,1000,1000,1,1
17/02/20,C340--,TEMP,Female,AXIS,"OPPO,CPH1821",AAA,AAA,KRAMAT JATI,GoSend,1000,1000,1,1
18/02/20,C340--,TEMP,Male,TRI,"HUAWEI,EVA-L09",AAA,AAA,MANTRIJERON,GoPay-TopUp,1000,1000,1,1
19/02/20,C340--,TEMP,Female,KARTU_AS,"samsung,SM-T715Y",AAA,AAA,PANAKKUKANG,GoRide,1000,1000,1,1
20/02/20,C340--,TEMP,Male,CDMA,"motorola,XT1635-02",AAA,AAA,PENJARINGAN,GoFood-Beverage,1000,1000,1,1
21/02/20,C340--,TEMP,Female,KARTU_HALO,"samsung,SM-A500F",AAA,AAA,PONDOK AREN,GoFood-Snack,1000,1000,1,1
22/02/20,C340--,TEMP,Male,XPLOR,"samsung,SM-J710F",AAA,AAA,PONDOK GEDE,GoFood-Sweet,1000,1000,1,1
23/02/20,C340--,TEMP,Female,XL,"OPPO,F1f",AAA,AAA,PULO GADUNG,GoCar,1000,1000,1,1
24/02/20,C340--,TEMP,Male,SIMPATI,"OPPO,CPH1917",AAA,AAA,SAMBI KEREP,GoFood-Coffee,1000,1000,1,1
25/02/20,C340--,TEMP,Female,IM3,"samsung,SM-A730F",AAA,AAA,SAWAH BESAR,GoFood-FastFood,1000,1000,1,1
26/02/20,C340--,TEMP,Male,MENTARI,"samsung,SM-C900F",AAA,AAA,TAJURHALANG,GoSend,1000,1000,1,1
27/02/20,C340--,TEMP,Female,MATRIX,"vivo,vivo 1718",AAA,AAA,TANAH ABANG,GoPay-TopUp,1000,1000,1,1
28/02/20,C340--,TEMP,Male,AXIS,"vivo,vivo Y51L",AAA,AAA,TEGAL TIMUR,GoRide,1000,1000,1,1
29/02/20,C340--,TEMP,Female,TRI,"Xiaomi,MI MAX 2",AAA,AAA,TEGALLALANG,GoFood-Beverage,1000,1000,1,1
01/03/20,C340--,TEMP,Male,KARTU_AS,"samsung,SM-A605G",AAA,AAA,TELANAIPURA,GoFood-Snack,1000,1000,1,1
02/03/20,C340--,TEMP,Female,CDMA,"samsung,SM-A107F",AAA,AAA,ASTANA ANYAR,GoFood-Sweet,1000,1000,1,1
03/03/20,C340--,TEMP,Male,KARTU_HALO,"google,Pixel 3a XL",AAA,AAA,BEKASI BARAT,GoCar,1000,1000,1,1
04/03/20,C340--,TEMP,Female,XPLOR,"HUAWEI,MHA-L09",AAA,AAA,BEKASI TIMUR,GoFood-Coffee,1000,1000,1,1
05/03/20,C340--,TEMP,Male,XL,"samsung,SM-G935T",AAA,AAA,BEKASI UTARA,GoFood-FastFood,1000,1000,1,1
06/03/20,C340--,TEMP,Female,SIMPATI,"samsung,SM-A520F",AAA,AAA,BOGOR TENGAH,GoSend,1000,1000,1,1
07/03/20,C340--,TEMP,Male,IM3,"google,Pixel 2 XL",AAA,AAA,CIMAHI UTARA,GoPay-TopUp,1000,1000,1,1
08/03/20,C340--,TEMP,Female,MENTARI,"OnePlus,ONEPLUS A5000",AAA,AAA,GONDOKUSUMAN,GoRide,1000,1000,1,1
09/03/20,C340--,TEMP,Male,MATRIX,"Apple, iPhone12,3",AAA,AAA,GUNUNG ANYAR,GoFood-Beverage,1000,1000,1,1
10/03/20,C340--,TEMP,Female,AXIS,"asus,ASUS_X00QD",AAA,AAA,GUNUNG PUTRI,GoFood-Snack,1000,1000,1,1
11/03/20,C340--,TEMP,Male,TRI,"Xiaomi,Redmi 4",AAA,AAA,ILIR TIMUR I,GoFood-Sweet,1000,1000,1,1
12/03/20,C340--,TEMP,Female,KARTU_AS,"samsung,SM-P205",AAA,AAA,KIARACONDONG,GoPay-TopUp,1000,1000,1,1
13/03/20,C340--,TEMP,Male,CDMA,"samsung,SM-J510FN",AAA,AAA,KUTA SELATAN,GoRide,1000,1000,1,1
14/03/20,C340--,TEMP,Female,KARTU_HALO,"asus,ASUS_I001DE",AAA,AAA,LAKAR SANTRI,GoFood-Beverage,1000,1000,1,1
15/03/20,C340--,TEMP,Male,XPLOR,"HUAWEI,LYA-L29",AAA,AAA,MEDAN AMPLAS,GoFood-Snack,1000,1000,1,1
16/03/20,C340--,TEMP,Female,XL,"samsung,SM-A307GN",AAA,AAA,MEDAN MAIMUN,GoFood-Sweet,1000,1000,1,1
17/03/20,C340--,TEMP,Male,SIMPATI,"asus,ASUS_X01BDA",AAA,AAA,MEDAN SATRIA,GoCar,1000,1000,1,1
18/03/20,C340--,TEMP,Female,IM3,"vivo,vivo 1601",AAA,AAA,MUSTIKA JAYA,GoFood-Coffee,1000,1000,1,1
19/03/20,C340--,TEMP,Male,MENTARI,"Lenovo,Lenovo S850",AAA,AAA,PADANG BARAT,GoFood-FastFood,1000,1000,1,1
20/03/20,C340--,TEMP,Female,MATRIX,"vivo,vivo 1612",AAA,AAA,PADANG UTARA,GoSend,1000,1000,1,1
21/03/20,C340--,TEMP,Male,AXIS,"Apple, iPhone12,1",AAA,AAA,PANCORAN MAS,GoPay-TopUp,1000,1000,1,1
22/03/20,C340--,TEMP,Female,TRI,"Apple, iPhone11,8",AAA,AAA,PASAR KLIWON,GoRide,1000,1000,1,1
23/03/20,C340--,TEMP,Male,KARTU_AS,"Xiaomi,Mi MIX 3",AAA,AAA,PASAR MINGGU,GoFood-Beverage,1000,1000,1,1
24/03/20,C340--,TEMP,Female,CDMA,"Xiaomi,MI 8",AAA,AAA,PESANGGRAHAN,GoFood-Snack,1000,1000,1,1
25/03/20,C340--,TEMP,Male,KARTU_HALO,"HONOR,JSN-L21",AAA,AAA,TAMBUN UTARA,GoFood-Sweet,1000,1000,1,1
26/03/20,C340--,TEMP,Female,XPLOR,"Sony,E6683",AAA,AAA,TANAH SEREAL,GoCar,1000,1000,1,1
27/03/20,C340--,TEMP,Male,XL,"realme,RMX1971",AAA,AAA,UJUNG BERUNG,GoFood-Coffee,1000,1000,1,1
28/03/20,C340--,TEMP,Female,SIMPATI,"samsung,SM-G770F",AAA,AAA,BANDUNG KIDUL,GoFood-FastFood,1000,1000,1,1
29/03/20,C340--,TEMP,Male,IM3,"samsung,SM-M205G",AAA,AAA,BANDUNG KULON,GoSend,1000,1000,1,1
30/03/20,C340--,TEMP,Female,MENTARI,"lge,LG-H860",AAA,AAA,BANDUNG WETAN,GoPay-TopUp,1000,1000,1,1
31/03/20,C340--,TEMP,Male,MATRIX,"google,google Pixel 2",AAA,AAA,BANTAR GEBANG,GoRide,1000,1000,1,1
01/04/20,C340--,TEMP,Female,AXIS,"Sony,D5803",AAA,AAA,BOGOR SELATAN,GoFood-Beverage,1000,1000,1,1
02/04/20,C340--,TEMP,Male,TRI,"Xiaomi,POCO F1",AAA,AAA,CEMPAKA PUTIH,GoFood-Snack,1000,1000,1,1
03/04/20,C340--,TEMP,Female,KARTU_AS,"Xiaomi,Redmi Note 2",AAA,AAA,GAJAH MUNGKUR,GoFood-Sweet,1000,1000,1,1
04/04/20,C340--,TEMP,Male,CDMA,"samsung,SM-M305M",AAA,AAA,GUNUNG SINDUR,GoPay-TopUp,1000,1000,1,1
05/04/20,C340--,TEMP,Female,KARTU_HALO,"asus,ASUS_Z00AD",AAA,AAA,ILIR TIMUR II,GoRide,1000,1000,1,1
06/04/20,C340--,TEMP,Male,XPLOR,"Sony,J9210",AAA,AAA,JATI SAMPURNA,GoFood-Beverage,1000,1000,1,1
07/04/20,C340--,TEMP,Female,XL,"motorola,Moto E (4) Plus",AAA,AAA,KARANG TENGAH,GoFood-Snack,1000,1000,1,1
08/04/20,C340--,TEMP,Male,SIMPATI,"samsung,SM-A315G",AAA,AAA,KELAPA GADING,GoFood-Sweet,1000,1000,1,1
09/04/20,C340--,TEMP,Female,IM3,Pixel 2,AAA,AAA,KLATEN TENGAH,GoCar,1000,1000,1,1
10/04/20,C340--,TEMP,Male,MENTARI,Redmi Note 7,AAA,AAA,MEDAN SUNGGAL,GoFood-Coffee,1000,1000,1,1
11/04/20,C340--,TEMP,Female,MATRIX,"Apple, iPhone11,2",AAA,AAA,MEDAN TEMBUNG,GoFood-FastFood,1000,1000,1,1
12/04/20,C340--,TEMP,Male,AXIS,"Xiaomi,MI 5",AAA,AAA,PONDOK MELATI,GoSend,1000,1000,1,1
13/04/20,C340--,TEMP,Female,TRI,"Smartfren,Andromax B26D2H",AAA,AAA,SUKOMANUNGGAL,GoPay-TopUp,1000,1000,1,1
14/04/20,C340--,TEMP,Male,KARTU_AS,"vivo,vivo 1920",AAA,AAA,SUMUR BANDUNG,GoRide,1000,1000,1,1
15/04/20,C340--,TEMP,Female,CDMA,"samsung,SM-J810Y",AAA,AAA,TALANG KELAPA,GoFood-Beverage,1000,1000,1,1
16/04/20,C340--,TEMP,Male,KARTU_HALO,"Apple, iPhone SE 2",AAA,AAA,TANJUNG PRIOK,GoFood-Snack,1000,1000,1,1
17/04/20,C340--,TEMP,Female,XPLOR,ONEPLUS A5000,AAA,AAA,UJUNG PANDANG,GoFood-Sweet,1000,1000,1,1
18/04/20,C340--,TEMP,Male,XL,"Xiaomi,Redmi Note 4",AAA,AAA,BABAKAN MADANG,GoCar,1000,1000,1,1
19/04/20,C340--,TEMP,Female,SIMPATI,"OPPO,A37f",AAA,AAA,BEKASI SELATAN,GoFood-Coffee,1000,1000,1,1
20/04/20,C340--,TEMP,Male,IM3,"asus,ASUS_Z00UDH",AAA,AAA,CIKARANG BARAT,GoFood-FastFood,1000,1000,1,1
21/04/20,C340--,TEMP,Female,MENTARI,"vivo,vivo 1606",AAA,AAA,CIMAHI SELATAN,GoSend,1000,1000,1,1
22/04/20,C340--,TEMP,Male,MATRIX,"Xiaomi,Mi 4i",AAA,AAA,DENPASAR BARAT,GoPay-TopUp,1000,1000,1,1
23/04/20,C340--,TEMP,Female,AXIS,"vivo,vivo 1938",AAA,AAA,KEBAYORAN BARU,GoRide,1000,1000,1,1
24/04/20,C340--,TEMP,Male,TRI,"OPPO,CPH1901",AAA,AAA,KEBAYORAN LAMA,GoFood-Beverage,1000,1000,1,1
25/04/20,C340--,TEMP,Female,KARTU_AS,"samsung,SM-J320G",AAA,AAA,KELAPA NUNGGAL,GoFood-Snack,1000,1000,1,1
26/04/20,C340--,TEMP,Male,CDMA,CPH1823,AAA,AAA,MEDAN SELAYANG,GoFood-Sweet,1000,1000,1,1
27/04/20,C340--,TEMP,Female,KARTU_HALO,"OPPO,CPH1717",AAA,AAA,PONTIANAK KOTA,GoPay-TopUp,1000,1000,1,1
28/04/20,C340--,TEMP,Male,XPLOR,"motorola,Moto G (5S) Plus",AAA,AAA,RUMBAI PESISIR,GoRide,1000,1000,1,1
29/04/20,C340--,TEMP,Female,XL,"samsung,SM-J330G",AAA,AAA,SAMARINDA ILIR,GoFood-Beverage,1000,1000,1,1
30/04/20,C340--,TEMP,Male,SIMPATI,"samsung,SM-G920F",AAA,AAA,SEMARANG BARAT,GoFood-Snack,1000,1000,1,1
01/05/20,C340--,TEMP,Female,IM3,"samsung,SM-T705",AAA,AAA,SEMARANG TIMUR,GoFood-Sweet,1000,1000,1,1
02/05/20,C340--,TEMP,Male,MENTARI,"Realme,RMX1903",AAA,AAA,SEMARANG UTARA,GoCar,1000,1000,1,1
03/05/20,C340--,TEMP,Female,MATRIX,"OPPO,A1603",AAA,AAA,TAMBUN SELATAN,GoFood-Coffee,1000,1000,1,1
04/05/20,C340--,TEMP,Male,AXIS,"vivo,vivo 1724",AAA,AAA,TANJUNG PANDAN,GoFood-FastFood,1000,1000,1,1
05/05/20,C340--,TEMP,Female,TRI,CPH1819,AAA,AAA,PEKAN BARU KOTA,GoSend,1000,1000,1,1
06/05/20,C340--,TEMP,Male,KARTU_AS,"vivo,vivo 1817",AAA,AAA,PONTIANAK BARAT,GoPay-TopUp,1000,1000,1,1
07/05/20,C340--,TEMP,Female,CDMA,"OnePlus,GM1911",AAA,AAA,SEMARANG TENGAH,GoRide,1000,1000,1,1
08/05/20,C340--,TEMP,Male,KARTU_HALO,"Sony,G3116",AAA,AAA,SUNGAI AMBAWANG,GoFood-Beverage,1000,1000,1,1
09/05/20,C340--,TEMP,Female,XPLOR,"xiaomi,MI 6X",AAA,AAA,BALIKPAPAN BARAT,GoFood-Snack,1000,1000,1,1
10/05/20,C340--,TEMP,Male,XL,"xiaomi,Redmi 6 Pro",AAA,AAA,BALIKPAPAN UTARA,GoFood-Sweet,1000,1000,1,1
11/05/20,C340--,TEMP,Female,SIMPATI,"vivo,vivo 1935",AAA,AAA,BOJONG LOA KALER,GoCar,1000,1000,1,1
12/05/20,C340--,TEMP,Male,IM3,"Xiaomi,Redmi Note 4X",AAA,AAA,CIBEUNYING KALER,GoFood-Coffee,1000,1000,1,1
13/05/20,C340--,TEMP,Female,MENTARI,CPH1911,AAA,AAA,CIBEUNYING KIDUL,GoFood-FastFood,1000,1000,1,1
14/05/20,C340--,TEMP,Male,MATRIX,"blackshark,SKR-H0",AAA,AAA,CIKARANG SELATAN,GoSend,1000,1000,1,1
15/05/20,C340--,TEMP,Female,AXIS,"Xiaomi,Redmi 7A",AAA,AAA,DENPASAR SELATAN,GoPay-TopUp,1000,1000,1,1
16/05/20,C340--,TEMP,Male,TRI,"lge,LG-H818",AAA,AAA,MAMPANG PRAPATAN,GoRide,1000,1000,1,1
17/05/20,C340--,TEMP,Female,KARTU_AS,"samsung,SM-G950U",AAA,AAA,PURWOKERTO BARAT,GoFood-Beverage,1000,1000,1,1
18/05/20,C340--,TEMP,Male,CDMA,SM-G930F,AAA,AAA,SEMARANG SELATAN,GoFood-Snack,1000,1000,1,1
19/05/20,C340--,TEMP,Female,KARTU_HALO,"Xiaomi,MI NOTE LTE",AAA,AAA,SORONG KEPULAUAN,GoFood-Sweet,1000,1000,1,1
20/05/20,C340--,TEMP,Male,XPLOR,"HUAWEI,VKY-L29",AAA,AAA,TENGGILIS MEJOYO,GoPay-TopUp,1000,1000,1,1
21/05/20,C340--,TEMP,Female,XL,"samsung,SM-N935F",AAA,AAA,BALIKPAPAN TENGAH,GoRide,1000,1000,1,1
22/05/20,C340--,TEMP,Male,SIMPATI,"google,Nexus 5",AAA,AAA,GROGOL PETAMBURAN,GoFood-Beverage,1000,1000,1,1
23/05/20,C340--,TEMP,Female,IM3,"OPPO,CPH1955",AAA,AAA,BALIKPAPAN SELATAN,GoFood-Snack,1000,1000,1,1
24/05/20,C340--,TEMP,Male,MENTARI,"OPPO,CPH1907",AAA,AAA,TANJUNG KARANG TIMUR,GoFood-Sweet,1000,1000,1,1
25/05/20,C340--,TEMP,Female,MATRIX,"Xiaomi,Redmi 5",AAA,AAA,TANJUNG PINANG TIMUR,GoCar,1000,1000,1,1
26/05/20,C340--,TEMP,Male,AXIS,"realme,RMX1925",AAA,AAA,PADANGSIDIMPUAN UTARA,GoFood-Coffee,1000,1000,1,1
27/05/20,C340--,TEMP,Female,TRI,"vivo,vivo 1716",AAA,AAA,BEJI,GoFood-FastFood,1000,1000,1,1
28/05/20,C340--,TEMP,Male,KARTU_AS,"Apple, iPad7,5",AAA,AAA,GIRI,GoSend,1000,1000,1,1
29/05/20,C340--,TEMP,Female,CDMA,"Xiaomi,Redmi 5A",AAA,AAA,KOJA,GoPay-TopUp,1000,1000,1,1
30/05/20,C340--,TEMP,Male,KARTU_HALO,"samsung,SM-J720F",AAA,AAA,KUTA,GoRide,1000,1000,1,1
31/05/20,C340--,TEMP,Female,XPLOR,SM-A750GN,AAA,AAA,LIMO,GoFood-Beverage,1000,1000,1,1
01/06/20,C340--,TEMP,Male,XL,"OPPO,CPH1701",AAA,AAA,SAIL,GoFood-Snack,1000,1000,1,1
02/06/20,C340--,TEMP,Female,SIMPATI,"HUAWEI,EVA-L29",AAA,AAA,SETU,GoFood-Sweet,1000,1000,1,1
03/06/20,C340--,TEMP,Male,IM3,"OnePlus,ONEPLUS A5010",AAA,AAA,UBUD,GoCar,1000,1000,1,1
04/06/20,C340--,TEMP,Female,MENTARI,"blackshark,SKW-A0",AAA,AAA,WARU,GoFood-Coffee,1000,1000,1,1
05/06/20,C340--,TEMP,Male,MATRIX,"samsung,SM-G9750",AAA,AAA,ANDIR,GoFood-FastFood,1000,1000,1,1
06/06/20,C340--,TEMP,Female,AXIS,"Xiaomi,Mi Note 10",AAA,AAA,BAROS,GoSend,1000,1000,1,1
07/06/20,C340--,TEMP,Male,TRI,"vivo,vivo 1901",AAA,AAA,BENDA,GoPay-TopUp,1000,1000,1,1
08/06/20,C340--,TEMP,Female,KARTU_AS,SM-G950F,AAA,AAA,CURUG,GoRide,1000,1000,1,1
09/06/20,C340--,TEMP,Male,CDMA,"OnePlus,HD1911",AAA,AAA,DEPOK,GoFood-Beverage,1000,1000,1,1
10/06/20,C340--,TEMP,Female,KARTU_HALO,"Realme,RMX1851",AAA,AAA,MLATI,GoFood-Snack,1000,1000,1,1
11/06/20,C340--,TEMP,Male,XPLOR,"HUAWEI,HMA-L29",AAA,AAA,REGOL,GoFood-Sweet,1000,1000,1,1
12/06/20,C340--,TEMP,Female,XL,"samsung,SM-A105G",AAA,AAA,SENEN,GoPay-TopUp,1000,1000,1,1
13/06/20,C340--,TEMP,Male,SIMPATI,"samsung,SM-G570Y",AAA,AAA,SEWON,GoRide,1000,1000,1,1
14/06/20,C340--,TEMP,Female,IM3,"samsung,SM-A207F",AAA,AAA,TAMAN,GoFood-Beverage,1000,1000,1,1
15/06/20,C340--,TEMP,Male,MENTARI,"samsung,SM-A720F",AAA,AAA,TEBET,GoFood-Snack,1000,1000,1,1
16/06/20,C340--,TEMP,Female,MATRIX,"samsung,SM-A710F",AAA,AAA,BERBAH,GoFood-Sweet,1000,1000,1,1
17/06/20,C340--,TEMP,Male,AXIS,"OPPO,CPH1909",AAA,AAA,CAKUNG,GoCar,1000,1000,1,1
18/06/20,C340--,TEMP,Female,TRI,"lge,LM-V500N",AAA,AAA,CIBIRU,GoFood-Coffee,1000,1000,1,1
19/06/20,C340--,TEMP,Male,KARTU_AS,"xiaomi,Redmi 7",AAA,AAA,CIKOLE,GoFood-FastFood,1000,1000,1,1
20/06/20,C340--,TEMP,Female,CDMA,"HONOR,BKL-L09",AAA,AAA,CIOMAS,GoSend,1000,1000,1,1
21/06/20,C340--,TEMP,Male,KARTU_HALO,"Lenovo,Lenovo Z90a40",AAA,AAA,CISAAT,GoPay-TopUp,1000,1000,1,1
22/06/20,C340--,TEMP,Female,XPLOR,"Xiaomi,Redmi 3S",AAA,AAA,CISAUK,GoRide,1000,1000,1,1
23/06/20,C340--,TEMP,Male,XL,"HUAWEI,YAL-L21",AAA,AAA,GAMBIR,GoFood-Beverage,1000,1000,1,1
24/06/20,C340--,TEMP,Female,SIMPATI,"Sony,D5503",AAA,AAA,GUBENG,GoFood-Snack,1000,1000,1,1
25/06/20,C340--,TEMP,Male,IM3,SM-G955F,AAA,AAA,JEBRES,GoFood-Sweet,1000,1000,1,1
26/06/20,C340--,TEMP,Female,MENTARI,"google,Pixel 4",AAA,AAA,KEMANG,GoCar,1000,1000,1,1
27/06/20,C340--,TEMP,Male,MATRIX,Redmi Note 8 Pro,AAA,AAA,MARISO,GoFood-Coffee,1000,1000,1,1
28/06/20,C340--,TEMP,Female,AXIS,"HUAWEI,HUAWEI VNS-L31",AAA,AAA,MENGWI,GoFood-FastFood,1000,1000,1,1
29/06/20,C340--,TEMP,Male,TRI,"samsung,SM-G925F",AAA,AAA,PARUNG,GoSend,1000,1000,1,1
30/06/20,C340--,TEMP,Female,KARTU_AS,"OnePlus,ONEPLUS A3003",AAA,AAA,PERIUK,GoPay-TopUp,1000,1000,1,1
01/07/20,C340--,TEMP,Male,CDMA,"samsung,SM-A800F",AAA,AAA,PINANG,GoRide,1000,1000,1,1
02/07/20,C340--,TEMP,Female,KARTU_HALO,Redmi S2,AAA,AAA,RUMBAI,GoFood-Beverage,1000,1000,1,1
03/07/20,C340--,TEMP,Male,XPLOR,"OPPO,CPH1613",AAA,AAA,SERANG,GoFood-Snack,1000,1000,1,1
04/07/20,C340--,TEMP,Female,XL,"google,Pixel 4 XL",AAA,AAA,WIYUNG,GoFood-Sweet,1000,1000,1,1
05/07/20,C340--,TEMP,Male,SIMPATI,"AOC,A7",AAA,AAA,BABELAN,GoPay-TopUp,1000,1000,1,1
06/07/20,C340--,TEMP,Female,IM3,SM-N960F,AAA,AAA,CICADAS,GoRide,1000,1000,1,1
07/07/20,C340--,TEMP,Male,MENTARI,"Xiaomi,MI MAX",AAA,AAA,CICENDO,GoFood-Beverage,1000,1000,1,1
08/07/20,C340--,TEMP,Female,MATRIX,"samsung,SM-G9550",AAA,AAA,CIDADAP,GoFood-Snack,1000,1000,1,1
09/07/20,C340--,TEMP,Male,AXIS,"Nokia,TA-1021",AAA,AAA,CILEDUG,GoFood-Sweet,1000,1000,1,1
10/07/20,C340--,TEMP,Female,TRI,"lge,LG-M700",AAA,AAA,CIPUTAT,GoCar,1000,1000,1,1
11/07/20,C340--,TEMP,Male,KARTU_AS,"xiaomi,Redmi S2",AAA,AAA,CIRACAS,GoFood-Coffee,1000,1000,1,1
12/07/20,C340--,TEMP,Female,CDMA,"Blackview,BV9600Pro",AAA,AAA,CISARUA,GoFood-FastFood,1000,1000,1,1
13/07/20,C340--,TEMP,Male,KARTU_HALO,Redmi 5 Plus,AAA,AAA,COBLONG,GoSend,1000,1000,1,1
14/07/20,C340--,TEMP,Female,XPLOR,"OnePlus,ONEPLUS A3010",AAA,AAA,GAMPING,GoPay-TopUp,1000,1000,1,1
15/07/20,C340--,TEMP,Male,XL,"asus,ASUS_X01AD",AAA,AAA,GENTENG,GoRide,1000,1000,1,1
16/07/20,C340--,TEMP,Female,SIMPATI,"OPPO,CPH1605",AAA,AAA,JATINOM,GoFood-Beverage,1000,1000,1,1
17/07/20,C340--,TEMP,Male,IM3,"samsung,SM-A510F",AAA,AAA,JOMBANG,GoFood-Snack,1000,1000,1,1
18/07/20,C340--,TEMP,Female,MENTARI,"Sony,C6903",AAA,AAA,KASIHAN,GoFood-Sweet,1000,1000,1,1
19/07/20,C340--,TEMP,Male,MATRIX,"OPPO,CPH1877",AAA,AAA,KEDATON,GoCar,1000,1000,1,1
20/07/20,C340--,TEMP,Female,AXIS,"samsung,SM-N9500",AAA,AAA,LEMBANG,GoFood-Coffee,1000,1000,1,1
21/07/20,C340--,TEMP,Male,TRI,LYA-L29,AAA,AAA,MAKASAR,GoFood-FastFood,1000,1000,1,1
22/07/20,C340--,TEMP,Female,KARTU_AS,"lge,LG-H990",AAA,AAA,MENTENG,GoSend,1000,1000,1,1
23/07/20,C340--,TEMP,Male,CDMA,"HONOR,COL-L29",AAA,AAA,NGAGLIK,GoPay-TopUp,1000,1000,1,1
24/07/20,C340--,TEMP,Female,KARTU_HALO,"Lenovo,Lenovo P1ma40",AAA,AAA,PALARAN,GoRide,1000,1000,1,1
25/07/20,C340--,TEMP,Male,XPLOR,"vivo,vivo 1919",AAA,AAA,RUNGKUT,GoFood-Beverage,1000,1000,1,1
26/07/20,C340--,TEMP,Female,XL,"samsung,SM-G9287C",AAA,AAA,SEPATAN,GoFood-Snack,1000,1000,1,1
27/07/20,C340--,TEMP,Male,SIMPATI,"Infinix,Infinix X650B",AAA,AAA,SERPONG,GoFood-Sweet,1000,1000,1,1
28/07/20,C340--,TEMP,Female,IM3,"vivo,vivo 1904",AAA,AAA,SINDANG,GoPay-TopUp,1000,1000,1,1
29/07/20,C340--,TEMP,Male,MENTARI,ASUS_X01AD,AAA,AAA,TAMBORA,GoRide,1000,1000,1,1
30/07/20,C340--,TEMP,Female,MATRIX,"Nokia,TA-1053",AAA,AAA,BLIMBING,GoFood-Beverage,1000,1000,1,1
31/07/20,C340--,TEMP,Male,AXIS,"OPPO,CPH1727",AAA,AAA,CIBINONG,GoFood-Snack,1000,1000,1,1
01/08/20,C340--,TEMP,Female,TRI,"OnePlus,ONEPLUS A6003",AAA,AAA,CIBITUNG,GoFood-Sweet,1000,1000,1,1
02/08/20,C340--,TEMP,Male,KARTU_AS,"OPPO,CPH1859",AAA,AAA,CILANDAK,GoCar,1000,1000,1,1
03/08/20,C340--,TEMP,Female,CDMA,SM-N770F,AAA,AAA,CILEUNYI,GoFood-Coffee,1000,1000,1,1
04/08/20,C340--,TEMP,Male,KARTU_HALO,"HONOR,LLD-L21",AAA,AAA,CIPAYUNG,GoFood-FastFood,1000,1000,1,1
05/08/20,C340--,TEMP,Female,XPLOR,SM-N970F,AAA,AAA,CIPONDOH,GoSend,1000,1000,1,1
06/08/20,C340--,TEMP,Male,XL,"lge,LG-M250",AAA,AAA,COLOMADU,GoPay-TopUp,1000,1000,1,1
07/08/20,C340--,TEMP,Female,SIMPATI,"Xiaomi,Mi Note 10 Pro",AAA,AAA,GAYUNGAN,GoRide,1000,1000,1,1
08/08/20,C340--,TEMP,Male,IM3,"OPPO,CPH2043",AAA,AAA,GEDANGAN,GoFood-Beverage,1000,1000,1,1
09/08/20,C340--,TEMP,Female,MENTARI,"vivo,vivo 1611",AAA,AAA,KARAWACI,GoFood-Snack,1000,1000,1,1
10/08/20,C340--,TEMP,Male,MATRIX,"asus,ASUS_X00PD",AAA,AAA,KEJAKSAN,GoFood-Sweet,1000,1000,1,1
11/08/20,C340--,TEMP,Female,AXIS,"asus,ASUS_X00LD",AAA,AAA,KENJERAN,GoCar,1000,1000,1,1
12/08/20,C340--,TEMP,Male,TRI,"HUAWEI,VTR-AL00",AAA,AAA,KUNINGAN,GoFood-Coffee,1000,1000,1,1
13/08/20,C340--,TEMP,Female,KARTU_AS,"Xiaomi,Mi 5",AAA,AAA,LABU API,GoFood-FastFood,1000,1000,1,1
14/08/20,C340--,TEMP,Male,CDMA,"samsung,SM-G9350",AAA,AAA,LARANGAN,GoSend,1000,1000,1,1
15/08/20,C340--,TEMP,Female,KARTU_HALO,"Xiaomi,2014813",AAA,AAA,LENGKONG,GoPay-TopUp,1000,1000,1,1
16/08/20,C340--,TEMP,Male,XPLOR,"samsung,SM-G935U",AAA,AAA,MAKASSAR,GoRide,1000,1000,1,1
17/08/20,C340--,TEMP,Female,XL,CPH1723,AAA,AAA,MANGGALA,GoFood-Beverage,1000,1000,1,1
18/08/20,C340--,TEMP,Male,SIMPATI,"HONOR,JSN-L22",AAA,AAA,MATRAMAN,GoFood-Snack,1000,1000,1,1
19/08/20,C340--,TEMP,Female,IM3,"xiaomi,Redmi Note 5A Prime",AAA,AAA,NGAMPRAH,GoFood-Sweet,1000,1000,1,1
20/08/20,C340--,TEMP,Male,MENTARI,"vivo,vivo 1811",AAA,AAA,NGEMPLAK,GoPay-TopUp,1000,1000,1,1
21/08/20,C340--,TEMP,Female,MATRIX,"lge,LG-H870DS",AAA,AAA,NUSANIWE,GoRide,1000,1000,1,1
22/08/20,C340--,TEMP,Male,AXIS,"samsung,SM-M115F",AAA,AAA,PAJANGAN,GoFood-Beverage,1000,1000,1,1
23/08/20,C340--,TEMP,Female,TRI,"HUAWEI,EVA-L19",AAA,AAA,PALMERAH,GoFood-Snack,1000,1000,1,1
24/08/20,C340--,TEMP,Male,KARTU_AS,"xiaomi,MI PLAY",AAA,AAA,PAMULANG,GoFood-Sweet,1000,1000,1,1
25/08/20,C340--,TEMP,Female,CDMA,"lge,LG-H930",AAA,AAA,PANCORAN,GoCar,1000,1000,1,1
26/08/20,C340--,TEMP,Male,KARTU_HALO,"OnePlus,HD1900",AAA,AAA,PATUMBAK,GoFood-Coffee,1000,1000,1,1
27/08/20,C340--,TEMP,Female,XPLOR,"HUAWEI,BLA-L29",AAA,AAA,SAWANGAN,GoFood-FastFood,1000,1000,1,1
28/08/20,C340--,TEMP,Male,XL,"Lenovo,Lenovo A7010a48",AAA,AAA,SEKUPANG,GoSend,1000,1000,1,1
29/08/20,C340--,TEMP,Female,SIMPATI,"OPPO,CPH1725",AAA,AAA,SUKABUMI,GoPay-TopUp,1000,1000,1,1
30/08/20,C340--,TEMP,Male,IM3,"blackberry,BBC100-1",AAA,AAA,SUKAJADI,GoRide,1000,1000,1,1
31/08/20,C340--,TEMP,Female,MENTARI,"Sony,E5803",AAA,AAA,SUKARAJA,GoFood-Beverage,1000,1000,1,1
01/09/20,C340--,TEMP,Male,MATRIX,"vivo,vivo 1814",AAA,AAA,SUKARAMI,GoFood-Snack,1000,1000,1,1
02/09/20,C340--,TEMP,Female,AXIS,"Sony,G3226",AAA,AAA,SUKAWATI,GoFood-Sweet,1000,1000,1,1
03/09/20,C340--,TEMP,Male,TRI,"blackberry,BBF100-6",AAA,AAA,SUKOLILO,GoCar,1000,1000,1,1
04/09/20,C340--,TEMP,Female,KARTU_AS,"blackberry,BBB100-7",AAA,AAA,TAKTAKAN,GoFood-Coffee,1000,1000,1,1
05/09/20,C340--,TEMP,Male,CDMA,"xiaomi,Redmi Note 5A",AAA,AAA,WONOCOLO,GoFood-FastFood,1000,1000,1,1
06/09/20,C340--,TEMP,Female,KARTU_HALO,"samsung,SM-F900F",AAA,AAA,ARCAMANIK,GoSend,1000,1000,1,1
07/09/20,C340--,TEMP,Male,XPLOR,SM-G960F,AAA,AAA,ARGOMULYO,GoPay-TopUp,1000,1000,1,1
08/09/20,C340--,TEMP,Female,XL,"Apple, iPad Mini 2",AAA,AAA,BALEENDAH,GoRide,1000,1000,1,1
09/09/20,C340--,TEMP,Male,SIMPATI,"google,Pixel 3",AAA,AAA,BATUCEPER,GoFood-Beverage,1000,1000,1,1
10/09/20,C340--,TEMP,Female,IM3,"Xiaomi,Mi MIX 2S",AAA,AAA,CANDISARI,GoFood-Snack,1000,1000,1,1
11/09/20,C340--,TEMP,Male,MENTARI,"OnePlus,GM1917",AAA,AAA,CILINCING,GoFood-Sweet,1000,1000,1,1
12/09/20,C340--,TEMP,Female,MATRIX,"vivo,vivo 1812",AAA,AAA,CIMANGGIS,GoPay-TopUp,1000,1000,1,1
13/09/20,C340--,TEMP,Male,AXIS,"samsung,SAMSUNG-SM-G935A",AAA,AAA,CIMEUNYAN,GoRide,1000,1000,1,1
14/09/20,C340--,TEMP,Female,TRI,"samsung,SM-G950U1",AAA,AAA,CITEUREUP,GoFood-Beverage,1000,1000,1,1
15/09/20,C340--,TEMP,Male,KARTU_AS,"Infinix,Infinix X626B LTE",AAA,AAA,GAYAMSARI,GoFood-Snack,1000,1000,1,1
16/09/20,C340--,TEMP,Female,CDMA,"OPPO,CPH1871",AAA,AAA,INDRAMAYU,GoFood-Sweet,1000,1000,1,1
17/09/20,C340--,TEMP,Male,KARTU_HALO,"Nokia,TA-1003",AAA,AAA,JAGAKARSA,GoCar,1000,1000,1,1
18/09/20,C340--,TEMP,Female,XPLOR,SM-A307GN,AAA,AAA,JAMBANGAN,GoFood-Coffee,1000,1000,1,1
19/09/20,C340--,TEMP,Male,XL,"asus,ASUS_Z01BDB",AAA,AAA,JATI ASIH,GoFood-FastFood,1000,1000,1,1
20/09/20,C340--,TEMP,Female,SIMPATI,"samsung,SM-P355",AAA,AAA,KEMAYORAN,GoSend,1000,1000,1,1
21/09/20,C340--,TEMP,Male,IM3,"Nokia,TA-1004",AAA,AAA,KEMBANGAN,GoPay-TopUp,1000,1000,1,1